[{"id":1,"first_name":"Terrie","last_name":"Ledington","email":"tledington0@cloudflare.com","data_of_birth":"2020-01-20T19:52:36Z","age":42,"country":"Portugal","phone":"8662328910"},
{"id":2,"first_name":"Reece","last_name":"Varns","email":"rvarns1@issuu.com","data_of_birth":"2001-09-12T04:13:21Z","age":19,"country":"Mali","phone":"8733285013"},
{"id":3,"first_name":"Barn","last_name":"Peat","email":"bpeat2@mapquest.com","data_of_birth":"1993-09-29T05:35:22Z","age":54,"country":"China","phone":"3562504835"},
{"id":4,"first_name":"Damiano","last_name":"Lebbern","email":"dlebbern3@princeton.edu","data_of_birth":"2015-12-26T19:05:29Z","age":52,"country":"Indonesia","phone":"8391428459"},
{"id":5,"first_name":"Chucho","last_name":"Vasyukov","email":"cvasyukov4@gmpg.org","data_of_birth":"1997-10-25T03:24:58Z","age":56,"country":"Ukraine","phone":"5086997181"},
{"id":6,"first_name":"Kellen","last_name":"Zoellner","email":"kzoellner5@infoseek.co.jp","data_of_birth":"1993-06-13T16:39:24Z","age":24,"country":"Sweden","phone":"4847526530"},
{"id":7,"first_name":"Dorian","last_name":"Haile","email":"dhaile6@symantec.com","data_of_birth":"1996-04-06T18:16:06Z","age":56,"country":"United States","phone":"5597497192"},
{"id":8,"first_name":"Zedekiah","last_name":"Grzeszczak","email":"zgrzeszczak7@columbia.edu","data_of_birth":"1985-03-24T19:28:58Z","age":48,"country":"Ireland","phone":"2662690534"},
{"id":9,"first_name":"Waylin","last_name":"Guichard","email":"wguichard8@cmu.edu","data_of_birth":"1998-04-29T00:50:52Z","age":56,"country":"Philippines","phone":"8055170529"},
{"id":10,"first_name":"Paten","last_name":"D'Ambrogi","email":"pdambrogi9@scientificamerican.com","data_of_birth":"1980-03-14T08:22:38Z","age":42,"country":"Uzbekistan","phone":"8657523605"},
{"id":11,"first_name":"Fritz","last_name":"Letch","email":"fletcha@va.gov","data_of_birth":"1984-09-06T12:04:12Z","age":36,"country":"Russia","phone":"8684789931"},
{"id":12,"first_name":"Hermy","last_name":"McBrearty","email":"hmcbreartyb@sohu.com","data_of_birth":"2011-10-31T05:33:11Z","age":25,"country":"Venezuela","phone":"9868210270"},
{"id":13,"first_name":"Meredith","last_name":"Holburn","email":"mholburnc@github.com","data_of_birth":"1986-10-26T12:22:43Z","age":18,"country":"Brazil","phone":"3926066296"},
{"id":14,"first_name":"Kippie","last_name":"Kitteman","email":"kkittemand@mlb.com","data_of_birth":"2018-09-22T11:43:40Z","age":31,"country":"Poland","phone":"3301437838"},
{"id":15,"first_name":"Danny","last_name":"Chasmor","email":"dchasmore@feedburner.com","data_of_birth":"1997-10-19T23:29:53Z","age":24,"country":"Dominican Republic","phone":"4665033258"},
{"id":16,"first_name":"Sebastian","last_name":"Greenier","email":"sgreenierf@sciencedaily.com","data_of_birth":"1974-03-30T00:21:13Z","age":22,"country":"Spain","phone":"8658042948"},
{"id":17,"first_name":"Cristiano","last_name":"Benian","email":"cbeniang@surveymonkey.com","data_of_birth":"1985-03-04T23:33:59Z","age":50,"country":"Philippines","phone":"5212851157"},
{"id":18,"first_name":"Earle","last_name":"Burland","email":"eburlandh@businessinsider.com","data_of_birth":"1990-08-17T20:40:28Z","age":52,"country":"Angola","phone":"1462843826"},
{"id":19,"first_name":"Kristi","last_name":"Pomfrett","email":"kpomfretti@storify.com","data_of_birth":"1982-01-20T22:31:43Z","age":40,"country":"Saudi Arabia","phone":"3966892370"},
{"id":20,"first_name":"Lorraine","last_name":"Priddy","email":"lpriddyj@deviantart.com","data_of_birth":"2002-03-15T20:04:57Z","age":21,"country":"Croatia","phone":"2523927829"},
{"id":21,"first_name":"Maxy","last_name":"Curlis","email":"mcurlisk@toplist.cz","data_of_birth":"1993-11-04T10:32:26Z","age":50,"country":"Argentina","phone":"8622940401"},
{"id":22,"first_name":"Rosabella","last_name":"Ebbetts","email":"rebbettsl@spiegel.de","data_of_birth":"2009-09-29T00:48:10Z","age":47,"country":"Indonesia","phone":"7907014084"},
{"id":23,"first_name":"Beilul","last_name":"Crimp","email":"bcrimpm@techcrunch.com","data_of_birth":"1974-04-09T21:27:40Z","age":29,"country":"China","phone":"7006269028"},
{"id":24,"first_name":"Wilhelmine","last_name":"Stannion","email":"wstannionn@npr.org","data_of_birth":"1996-12-23T12:02:34Z","age":28,"country":"Indonesia","phone":"8423483659"},
{"id":25,"first_name":"Roderick","last_name":"Bourgourd","email":"rbourgourdo@msn.com","data_of_birth":"2006-07-06T02:20:18Z","age":35,"country":"China","phone":"9641777131"},
{"id":26,"first_name":"Shellie","last_name":"Schaumaker","email":"sschaumakerp@jiathis.com","data_of_birth":"1994-11-19T23:40:16Z","age":57,"country":"China","phone":"3801497919"},
{"id":27,"first_name":"Rutter","last_name":"Mottley","email":"rmottleyq@pinterest.com","data_of_birth":"2002-11-18T08:33:50Z","age":21,"country":"Albania","phone":"6857341220"},
{"id":28,"first_name":"Kevan","last_name":"Waycott","email":"kwaycottr@slideshare.net","data_of_birth":"2018-01-21T07:09:15Z","age":19,"country":"China","phone":"4701183524"},
{"id":29,"first_name":"Cherianne","last_name":"Linger","email":"clingers@microsoft.com","data_of_birth":"1996-04-07T20:11:33Z","age":47,"country":"Nigeria","phone":"3502991734"},
{"id":30,"first_name":"Kaja","last_name":"Sparry","email":"ksparryt@kickstarter.com","data_of_birth":"2005-04-14T11:16:44Z","age":22,"country":"Indonesia","phone":"8072445001"},
{"id":31,"first_name":"Dory","last_name":"Kinrade","email":"dkinradeu@flavors.me","data_of_birth":"1981-03-13T02:50:04Z","age":28,"country":"Tajikistan","phone":"8557509519"},
{"id":32,"first_name":"Guinna","last_name":"O'Day","email":"godayv@ucsd.edu","data_of_birth":"1996-09-30T18:33:16Z","age":35,"country":"Czech Republic","phone":"4672265462"},
{"id":33,"first_name":"Pattie","last_name":"Hug","email":"phugw@last.fm","data_of_birth":"1991-09-12T20:02:21Z","age":57,"country":"Poland","phone":"6105509745"},
{"id":34,"first_name":"Nicki","last_name":"Milby","email":"nmilbyx@wordpress.com","data_of_birth":"1990-08-02T11:08:18Z","age":55,"country":"Sweden","phone":"7925844121"},
{"id":35,"first_name":"Janene","last_name":"Guiel","email":"jguiely@github.io","data_of_birth":"1978-06-19T07:25:16Z","age":45,"country":"China","phone":"1969448297"},
{"id":36,"first_name":"Pate","last_name":"Legan","email":"pleganz@posterous.com","data_of_birth":"1998-01-22T05:25:35Z","age":26,"country":"Czech Republic","phone":"6434549263"},
{"id":37,"first_name":"Krispin","last_name":"Acutt","email":"kacutt10@shutterfly.com","data_of_birth":"2013-06-16T09:27:34Z","age":28,"country":"China","phone":"2532069182"},
{"id":38,"first_name":"Burg","last_name":"Cotelard","email":"bcotelard11@umn.edu","data_of_birth":"2004-09-07T08:44:06Z","age":35,"country":"China","phone":"3119443949"},
{"id":39,"first_name":"Gwendolyn","last_name":"Desson","email":"gdesson12@ebay.co.uk","data_of_birth":"2007-03-16T04:37:46Z","age":48,"country":"Sweden","phone":"1432813084"},
{"id":40,"first_name":"Nicol","last_name":"Vasyukhnov","email":"nvasyukhnov13@intel.com","data_of_birth":"1993-06-28T01:55:23Z","age":21,"country":"Kenya","phone":"6745328082"},
{"id":41,"first_name":"Gerhard","last_name":"Cerith","email":"gcerith14@prlog.org","data_of_birth":"1993-11-20T22:47:54Z","age":29,"country":"Nigeria","phone":"3966072019"},
{"id":42,"first_name":"Mickie","last_name":"Sunley","email":"msunley15@rambler.ru","data_of_birth":"1990-10-30T23:37:16Z","age":41,"country":"Argentina","phone":"5813265773"},
{"id":43,"first_name":"Byram","last_name":"Genese","email":"bgenese16@github.io","data_of_birth":"1997-09-12T13:27:55Z","age":46,"country":"France","phone":"9826311144"},
{"id":44,"first_name":"Aylmar","last_name":"Canavan","email":"acanavan17@1688.com","data_of_birth":"1975-10-18T19:15:12Z","age":52,"country":"Tajikistan","phone":"2768224451"},
{"id":45,"first_name":"Kingston","last_name":"Rostern","email":"krostern18@hugedomains.com","data_of_birth":"2020-02-23T18:34:25Z","age":29,"country":"Russia","phone":"2955174457"},
{"id":46,"first_name":"George","last_name":"Sorbie","email":"gsorbie19@qq.com","data_of_birth":"1983-01-22T00:00:13Z","age":36,"country":"Uganda","phone":"8916079705"},
{"id":47,"first_name":"Annette","last_name":"Stannard","email":"astannard1a@ocn.ne.jp","data_of_birth":"1981-07-12T05:02:43Z","age":23,"country":"Iran","phone":"8181634692"},
{"id":48,"first_name":"Ernesto","last_name":"Philippeaux","email":"ephilippeaux1b@microsoft.com","data_of_birth":"1973-01-12T10:18:00Z","age":45,"country":"Indonesia","phone":"5715884999"},
{"id":49,"first_name":"Oriana","last_name":"Dunsford","email":"odunsford1c@facebook.com","data_of_birth":"2011-09-28T21:16:27Z","age":35,"country":"Colombia","phone":"1995069725"},
{"id":50,"first_name":"Prinz","last_name":"Leinster","email":"pleinster1d@businesswire.com","data_of_birth":"1985-07-10T15:20:11Z","age":51,"country":"France","phone":"7845092994"},
{"id":51,"first_name":"Chantalle","last_name":"Koopman","email":"ckoopman1e@cnn.com","data_of_birth":"1988-12-29T17:22:19Z","age":25,"country":"Ghana","phone":"6553722190"},
{"id":52,"first_name":"Caria","last_name":"Jacob","email":"cjacob1f@dot.gov","data_of_birth":"2011-06-24T23:14:25Z","age":33,"country":"United States","phone":"5035670181"},
{"id":53,"first_name":"Dahlia","last_name":"Capelle","email":"dcapelle1g@csmonitor.com","data_of_birth":"2017-09-16T04:14:04Z","age":42,"country":"Brazil","phone":"5374361517"},
{"id":54,"first_name":"Tarah","last_name":"Tatam","email":"ttatam1h@netlog.com","data_of_birth":"1982-02-07T06:58:38Z","age":33,"country":"France","phone":"8771510589"},
{"id":55,"first_name":"Ewen","last_name":"Hewell","email":"ehewell1i@soundcloud.com","data_of_birth":"1999-05-21T15:43:15Z","age":25,"country":"Canada","phone":"2567938289"},
{"id":56,"first_name":"Lemar","last_name":"Leacy","email":"lleacy1j@intel.com","data_of_birth":"1971-10-18T08:10:04Z","age":44,"country":"Brazil","phone":"8575808360"},
{"id":57,"first_name":"Florance","last_name":"Asee","email":"fasee1k@biglobe.ne.jp","data_of_birth":"1997-10-01T15:37:29Z","age":55,"country":"Brazil","phone":"2995233911"},
{"id":58,"first_name":"Dorthea","last_name":"Pischof","email":"dpischof1l@sciencedaily.com","data_of_birth":"1970-07-12T10:09:22Z","age":28,"country":"Colombia","phone":"1004364974"},
{"id":59,"first_name":"Jonathan","last_name":"McFadzean","email":"jmcfadzean1m@elpais.com","data_of_birth":"1977-11-15T17:58:57Z","age":25,"country":"Russia","phone":"7768137446"},
{"id":60,"first_name":"Kristoforo","last_name":"Chidler","email":"kchidler1n@zimbio.com","data_of_birth":"2018-09-02T13:32:03Z","age":46,"country":"Myanmar","phone":"9803784197"},
{"id":61,"first_name":"Wadsworth","last_name":"Wey","email":"wwey1o@yellowpages.com","data_of_birth":"2002-09-21T05:45:24Z","age":46,"country":"Philippines","phone":"4895825509"},
{"id":62,"first_name":"Hirsch","last_name":"Childes","email":"hchildes1p@webmd.com","data_of_birth":"1997-09-16T03:34:45Z","age":22,"country":"Indonesia","phone":"8315472111"},
{"id":63,"first_name":"Charlena","last_name":"Wigin","email":"cwigin1q@va.gov","data_of_birth":"1975-01-23T18:39:12Z","age":22,"country":"Macedonia","phone":"3026200925"},
{"id":64,"first_name":"Jean","last_name":"Wretham","email":"jwretham1r@tinypic.com","data_of_birth":"1973-06-03T09:58:56Z","age":33,"country":"Tuvalu","phone":"2169911622"},
{"id":65,"first_name":"Kirsteni","last_name":"Bedome","email":"kbedome1s@a8.net","data_of_birth":"2003-11-10T07:33:13Z","age":40,"country":"Indonesia","phone":"7702274111"},
{"id":66,"first_name":"Sybilla","last_name":"Chicotti","email":"schicotti1t@usnews.com","data_of_birth":"1984-04-27T20:16:58Z","age":50,"country":"Honduras","phone":"5978565225"},
{"id":67,"first_name":"Clement","last_name":"Kalker","email":"ckalker1u@alexa.com","data_of_birth":"1973-05-17T00:46:55Z","age":39,"country":"Argentina","phone":"2403018090"},
{"id":68,"first_name":"Buiron","last_name":"Aspinwall","email":"baspinwall1v@ibm.com","data_of_birth":"1987-09-26T21:50:19Z","age":25,"country":"China","phone":"2164954350"},
{"id":69,"first_name":"Marna","last_name":"Illiston","email":"milliston1w@topsy.com","data_of_birth":"1991-10-14T23:47:16Z","age":31,"country":"China","phone":"3602245580"},
{"id":70,"first_name":"Twyla","last_name":"Whipp","email":"twhipp1x@booking.com","data_of_birth":"2005-06-03T22:09:55Z","age":46,"country":"Thailand","phone":"6998518495"},
{"id":71,"first_name":"Elfrida","last_name":"Jeanenet","email":"ejeanenet1y@theglobeandmail.com","data_of_birth":"1977-01-04T09:28:23Z","age":41,"country":"Greece","phone":"6574554311"},
{"id":72,"first_name":"Evin","last_name":"Prantl","email":"eprantl1z@blog.com","data_of_birth":"1987-03-10T12:07:53Z","age":48,"country":"New Zealand","phone":"1434466500"},
{"id":73,"first_name":"Kirk","last_name":"Apdell","email":"kapdell20@nifty.com","data_of_birth":"2004-03-26T05:20:27Z","age":55,"country":"Indonesia","phone":"2662668188"},
{"id":74,"first_name":"Brunhilde","last_name":"Pumfrett","email":"bpumfrett21@tripod.com","data_of_birth":"2001-06-04T22:57:38Z","age":34,"country":"Poland","phone":"8081050625"},
{"id":75,"first_name":"Zed","last_name":"Gebby","email":"zgebby22@i2i.jp","data_of_birth":"1977-10-06T14:52:38Z","age":35,"country":"Philippines","phone":"4634009834"},
{"id":76,"first_name":"Willette","last_name":"Kimbley","email":"wkimbley23@smugmug.com","data_of_birth":"1986-12-09T23:32:48Z","age":49,"country":"Indonesia","phone":"2432045550"},
{"id":77,"first_name":"Giulio","last_name":"Megarry","email":"gmegarry24@cdc.gov","data_of_birth":"2014-12-20T19:26:10Z","age":53,"country":"Armenia","phone":"5676760557"},
{"id":78,"first_name":"Nonie","last_name":"Cheetam","email":"ncheetam25@behance.net","data_of_birth":"2007-12-24T17:14:45Z","age":24,"country":"Greece","phone":"7299006684"},
{"id":79,"first_name":"Cleo","last_name":"Cupitt","email":"ccupitt26@mtv.com","data_of_birth":"1986-03-07T01:36:24Z","age":45,"country":"Armenia","phone":"7637883099"},
{"id":80,"first_name":"Sherwin","last_name":"Isherwood","email":"sisherwood27@trellian.com","data_of_birth":"1991-12-14T02:00:46Z","age":21,"country":"Ukraine","phone":"2192940440"},
{"id":81,"first_name":"Isidro","last_name":"Rosgen","email":"irosgen28@squidoo.com","data_of_birth":"2005-07-05T19:24:57Z","age":23,"country":"Nigeria","phone":"2086392140"},
{"id":82,"first_name":"Randy","last_name":"Waliszek","email":"rwaliszek29@posterous.com","data_of_birth":"1989-07-29T16:57:53Z","age":42,"country":"China","phone":"9755779123"},
{"id":83,"first_name":"Arv","last_name":"Stovine","email":"astovine2a@bigcartel.com","data_of_birth":"1998-04-02T12:20:51Z","age":52,"country":"Mexico","phone":"6672051721"},
{"id":84,"first_name":"Jacki","last_name":"Swadling","email":"jswadling2b@newsvine.com","data_of_birth":"1970-06-08T11:54:09Z","age":32,"country":"Japan","phone":"4889586092"},
{"id":85,"first_name":"Genna","last_name":"Peterkin","email":"gpeterkin2c@mtv.com","data_of_birth":"2002-09-28T19:13:46Z","age":25,"country":"China","phone":"9152930996"},
{"id":86,"first_name":"Neall","last_name":"Vido","email":"nvido2d@webnode.com","data_of_birth":"1981-04-10T16:24:18Z","age":43,"country":"Syria","phone":"7087918023"},
{"id":87,"first_name":"Ronda","last_name":"Wingeatt","email":"rwingeatt2e@issuu.com","data_of_birth":"2001-10-18T21:48:09Z","age":39,"country":"China","phone":"6497596838"},
{"id":88,"first_name":"Herve","last_name":"Gellett","email":"hgellett2f@shinystat.com","data_of_birth":"1986-10-19T13:40:21Z","age":40,"country":"China","phone":"6498600056"},
{"id":89,"first_name":"Gisella","last_name":"Depport","email":"gdepport2g@mail.ru","data_of_birth":"1991-06-22T03:38:21Z","age":57,"country":"Argentina","phone":"6134343125"},
{"id":90,"first_name":"Rozina","last_name":"Adlam","email":"radlam2h@livejournal.com","data_of_birth":"1980-08-19T03:49:07Z","age":31,"country":"Canada","phone":"7674155481"},
{"id":91,"first_name":"Angus","last_name":"Matoshin","email":"amatoshin2i@cbsnews.com","data_of_birth":"1981-01-19T18:15:23Z","age":51,"country":"China","phone":"1007944889"},
{"id":92,"first_name":"Harbert","last_name":"Whiley","email":"hwhiley2j@printfriendly.com","data_of_birth":"1975-08-11T15:20:37Z","age":21,"country":"Indonesia","phone":"1025419273"},
{"id":93,"first_name":"Ax","last_name":"Fazakerley","email":"afazakerley2k@npr.org","data_of_birth":"1995-04-05T23:26:56Z","age":26,"country":"Portugal","phone":"7911965722"},
{"id":94,"first_name":"Ginni","last_name":"Moraleda","email":"gmoraleda2l@sciencedirect.com","data_of_birth":"2006-12-17T03:46:35Z","age":52,"country":"China","phone":"3232494579"},
{"id":95,"first_name":"Carline","last_name":"Ivashinnikov","email":"civashinnikov2m@furl.net","data_of_birth":"1986-03-18T02:43:58Z","age":50,"country":"Russia","phone":"4978824671"},
{"id":96,"first_name":"Eran","last_name":"Triggel","email":"etriggel2n@dedecms.com","data_of_birth":"1995-06-03T12:32:18Z","age":34,"country":"China","phone":"6032425663"},
{"id":97,"first_name":"Gothart","last_name":"Shitliff","email":"gshitliff2o@jugem.jp","data_of_birth":"2015-08-17T11:16:33Z","age":27,"country":"Colombia","phone":"9575456775"},
{"id":98,"first_name":"Leland","last_name":"Swallow","email":"lswallow2p@sina.com.cn","data_of_birth":"1978-11-04T11:35:45Z","age":18,"country":"Ecuador","phone":"1785547789"},
{"id":99,"first_name":"Andrus","last_name":"Anger","email":"aanger2q@ehow.com","data_of_birth":"1995-01-09T00:19:13Z","age":18,"country":"China","phone":"7652188751"},
{"id":100,"first_name":"Ruthi","last_name":"Bigadike","email":"rbigadike2r@guardian.co.uk","data_of_birth":"1993-05-13T09:42:52Z","age":58,"country":"Cameroon","phone":"5936816284"},
{"id":101,"first_name":"Faustina","last_name":"Fasham","email":"ffasham2s@github.io","data_of_birth":"1996-05-21T18:36:25Z","age":43,"country":"Puerto Rico","phone":"6161584305"},
{"id":102,"first_name":"Bryanty","last_name":"Henriquet","email":"bhenriquet2t@toplist.cz","data_of_birth":"2021-02-19T07:08:23Z","age":18,"country":"Sierra Leone","phone":"2044472698"},
{"id":103,"first_name":"Shell","last_name":"Pellant","email":"spellant2u@ow.ly","data_of_birth":"1993-11-28T10:24:00Z","age":30,"country":"Iran","phone":"8722656477"},
{"id":104,"first_name":"Pietro","last_name":"Hintze","email":"phintze2v@g.co","data_of_birth":"2017-09-04T18:04:28Z","age":34,"country":"China","phone":"1526282287"},
{"id":105,"first_name":"George","last_name":"Marlowe","email":"gmarlowe2w@elpais.com","data_of_birth":"1991-12-18T07:17:56Z","age":49,"country":"Philippines","phone":"7531912414"},
{"id":106,"first_name":"Val","last_name":"Servante","email":"vservante2x@123-reg.co.uk","data_of_birth":"1973-07-27T14:19:26Z","age":27,"country":"Philippines","phone":"4422171419"},
{"id":107,"first_name":"Connor","last_name":"Exroll","email":"cexroll2y@state.gov","data_of_birth":"1994-09-16T06:48:19Z","age":20,"country":"France","phone":"8524813561"},
{"id":108,"first_name":"Roger","last_name":"Bonafacino","email":"rbonafacino2z@uiuc.edu","data_of_birth":"2017-01-02T03:24:09Z","age":44,"country":"Brazil","phone":"5672071774"},
{"id":109,"first_name":"Welbie","last_name":"Tran","email":"wtran30@live.com","data_of_birth":"1991-10-24T14:01:41Z","age":49,"country":"Ukraine","phone":"6902798543"},
{"id":110,"first_name":"Gretel","last_name":"Jellicorse","email":"gjellicorse31@eepurl.com","data_of_birth":"2019-08-06T19:57:49Z","age":44,"country":"Bangladesh","phone":"8079617452"},
{"id":111,"first_name":"Bev","last_name":"Batman","email":"bbatman32@weather.com","data_of_birth":"2018-09-29T17:50:10Z","age":39,"country":"Vietnam","phone":"4985281164"},
{"id":112,"first_name":"Myrle","last_name":"Murrie","email":"mmurrie33@pbs.org","data_of_birth":"2014-09-16T06:18:35Z","age":32,"country":"Japan","phone":"8613148866"},
{"id":113,"first_name":"Alisha","last_name":"Oman","email":"aoman34@purevolume.com","data_of_birth":"2018-09-09T01:53:36Z","age":50,"country":"Indonesia","phone":"3832916745"},
{"id":114,"first_name":"Reine","last_name":"Belchem","email":"rbelchem35@vistaprint.com","data_of_birth":"1981-02-07T17:42:58Z","age":28,"country":"China","phone":"6319331079"},
{"id":115,"first_name":"Rodge","last_name":"Rickardsson","email":"rrickardsson36@icq.com","data_of_birth":"2001-05-16T13:32:07Z","age":45,"country":"Indonesia","phone":"6414157929"},
{"id":116,"first_name":"Osmond","last_name":"Jewkes","email":"ojewkes37@who.int","data_of_birth":"1982-01-05T15:19:50Z","age":30,"country":"Argentina","phone":"5321543346"},
{"id":117,"first_name":"Sigfrid","last_name":"Brigginshaw","email":"sbrigginshaw38@seattletimes.com","data_of_birth":"1977-01-31T09:39:13Z","age":38,"country":"Portugal","phone":"9419967917"},
{"id":118,"first_name":"Anselm","last_name":"Humblestone","email":"ahumblestone39@pinterest.com","data_of_birth":"1985-01-29T09:39:22Z","age":38,"country":"United States","phone":"3028214024"},
{"id":119,"first_name":"Demetris","last_name":"Dewsbury","email":"ddewsbury3a@themeforest.net","data_of_birth":"1988-01-23T15:40:54Z","age":46,"country":"Nigeria","phone":"9083642501"},
{"id":120,"first_name":"Briggs","last_name":"Scarman","email":"bscarman3b@hubpages.com","data_of_birth":"1989-03-13T11:42:11Z","age":51,"country":"Philippines","phone":"2479192216"},
{"id":121,"first_name":"Westley","last_name":"Edland","email":"wedland3c@sakura.ne.jp","data_of_birth":"1989-09-14T04:16:18Z","age":30,"country":"Israel","phone":"1956021468"},
{"id":122,"first_name":"Davy","last_name":"Montague","email":"dmontague3d@ameblo.jp","data_of_birth":"1975-08-29T08:22:15Z","age":28,"country":"China","phone":"3598199556"},
{"id":123,"first_name":"Irwinn","last_name":"Hutchinson","email":"ihutchinson3e@clickbank.net","data_of_birth":"1975-02-24T12:49:49Z","age":43,"country":"Indonesia","phone":"5843573032"},
{"id":124,"first_name":"Ham","last_name":"Stuckford","email":"hstuckford3f@wisc.edu","data_of_birth":"2005-11-30T11:21:34Z","age":25,"country":"Russia","phone":"5098252586"},
{"id":125,"first_name":"Ingemar","last_name":"Huetson","email":"ihuetson3g@ucoz.com","data_of_birth":"2006-07-04T20:17:41Z","age":21,"country":"United States","phone":"2129392618"},
{"id":126,"first_name":"Massimo","last_name":"Gounel","email":"mgounel3h@webs.com","data_of_birth":"1998-08-22T09:29:51Z","age":46,"country":"Pakistan","phone":"5923661430"},
{"id":127,"first_name":"Elwood","last_name":"Dowling","email":"edowling3i@europa.eu","data_of_birth":"2013-01-27T04:53:53Z","age":19,"country":"Croatia","phone":"4509190900"},
{"id":128,"first_name":"Amalle","last_name":"Pacher","email":"apacher3j@discuz.net","data_of_birth":"2001-01-26T23:36:26Z","age":51,"country":"China","phone":"3897106324"},
{"id":129,"first_name":"Olivie","last_name":"Lorens","email":"olorens3k@canalblog.com","data_of_birth":"2000-05-02T06:43:26Z","age":27,"country":"Poland","phone":"1704431490"},
{"id":130,"first_name":"Rebecka","last_name":"Gouge","email":"rgouge3l@ask.com","data_of_birth":"1972-04-14T14:27:24Z","age":27,"country":"Indonesia","phone":"3086289663"},
{"id":131,"first_name":"Genna","last_name":"Peter","email":"gpeter3m@wsj.com","data_of_birth":"1984-12-29T11:53:22Z","age":30,"country":"Peru","phone":"8556333672"},
{"id":132,"first_name":"Trevor","last_name":"Hellings","email":"thellings3n@clickbank.net","data_of_birth":"2010-05-07T05:41:33Z","age":24,"country":"Yemen","phone":"1461951825"},
{"id":133,"first_name":"Arabele","last_name":"Jorat","email":"ajorat3o@hatena.ne.jp","data_of_birth":"2018-04-20T22:23:39Z","age":33,"country":"France","phone":"6023971855"},
{"id":134,"first_name":"Murry","last_name":"Godspede","email":"mgodspede3p@w3.org","data_of_birth":"2003-04-21T15:53:43Z","age":54,"country":"China","phone":"3331741645"},
{"id":135,"first_name":"Lemar","last_name":"Michieli","email":"lmichieli3q@ucla.edu","data_of_birth":"2015-03-04T18:55:15Z","age":25,"country":"China","phone":"1673246341"},
{"id":136,"first_name":"Selie","last_name":"Congreve","email":"scongreve3r@cbsnews.com","data_of_birth":"1990-05-13T07:51:26Z","age":39,"country":"Brazil","phone":"6025920402"},
{"id":137,"first_name":"Humfried","last_name":"Gyrgorcewicx","email":"hgyrgorcewicx3s@timesonline.co.uk","data_of_birth":"1998-01-08T07:49:09Z","age":18,"country":"Ukraine","phone":"3576048044"},
{"id":138,"first_name":"Delcine","last_name":"Gheerhaert","email":"dgheerhaert3t@bandcamp.com","data_of_birth":"2003-02-19T21:50:30Z","age":22,"country":"Russia","phone":"9176071220"},
{"id":139,"first_name":"Jarvis","last_name":"Whitloe","email":"jwhitloe3u@scribd.com","data_of_birth":"2005-10-31T00:05:05Z","age":33,"country":"Togo","phone":"6682756227"},
{"id":140,"first_name":"Kinnie","last_name":"Eddison","email":"keddison3v@163.com","data_of_birth":"1998-09-07T15:13:04Z","age":23,"country":"Sweden","phone":"4006124771"},
{"id":141,"first_name":"Rana","last_name":"De Pero","email":"rdepero3w@hostgator.com","data_of_birth":"2004-03-06T16:28:49Z","age":46,"country":"Japan","phone":"6378697297"},
{"id":142,"first_name":"Mariam","last_name":"Enrdigo","email":"menrdigo3x@cbc.ca","data_of_birth":"2020-01-16T14:16:00Z","age":39,"country":"Greece","phone":"1391626715"},
{"id":143,"first_name":"Gardiner","last_name":"Plessing","email":"gplessing3y@ox.ac.uk","data_of_birth":"1996-08-17T11:25:40Z","age":49,"country":"Nigeria","phone":"1701898726"},
{"id":144,"first_name":"Leon","last_name":"Bridell","email":"lbridell3z@google.pl","data_of_birth":"2005-07-09T16:06:30Z","age":27,"country":"Poland","phone":"5942107858"},
{"id":145,"first_name":"Joni","last_name":"Verni","email":"jverni40@stanford.edu","data_of_birth":"2021-01-16T18:51:29Z","age":24,"country":"Gambia","phone":"8708078149"},
{"id":146,"first_name":"Edgardo","last_name":"Beden","email":"ebeden41@cam.ac.uk","data_of_birth":"2014-04-03T09:17:35Z","age":52,"country":"Vietnam","phone":"1547417521"},
{"id":147,"first_name":"Weylin","last_name":"Jobbins","email":"wjobbins42@va.gov","data_of_birth":"1992-03-16T11:40:12Z","age":44,"country":"Colombia","phone":"7887584283"},
{"id":148,"first_name":"Charlot","last_name":"Knaggs","email":"cknaggs43@uiuc.edu","data_of_birth":"1986-04-07T14:33:36Z","age":19,"country":"Indonesia","phone":"4164323302"},
{"id":149,"first_name":"Issy","last_name":"Bust","email":"ibust44@cdbaby.com","data_of_birth":"2014-11-21T02:32:27Z","age":43,"country":"Spain","phone":"9449576855"},
{"id":150,"first_name":"Conn","last_name":"Hinstridge","email":"chinstridge45@oracle.com","data_of_birth":"2020-06-05T07:20:44Z","age":35,"country":"Ecuador","phone":"1561601602"},
{"id":151,"first_name":"Kara","last_name":"Spuner","email":"kspuner46@merriam-webster.com","data_of_birth":"2012-10-20T14:16:12Z","age":47,"country":"Norway","phone":"4123238610"},
{"id":152,"first_name":"Katheryn","last_name":"Thunderchief","email":"kthunderchief47@jigsy.com","data_of_birth":"2009-07-17T23:14:07Z","age":57,"country":"Finland","phone":"7646536479"},
{"id":153,"first_name":"Winni","last_name":"Gosenell","email":"wgosenell48@answers.com","data_of_birth":"1975-12-15T23:41:25Z","age":37,"country":"Russia","phone":"5832646819"},
{"id":154,"first_name":"Jeannie","last_name":"Dur","email":"jdur49@so-net.ne.jp","data_of_birth":"2010-08-28T13:08:34Z","age":55,"country":"New Zealand","phone":"7787690174"},
{"id":155,"first_name":"Marni","last_name":"Byneth","email":"mbyneth4a@sphinn.com","data_of_birth":"1975-03-03T08:01:35Z","age":25,"country":"China","phone":"9358652083"},
{"id":156,"first_name":"Kameko","last_name":"Fenning","email":"kfenning4b@cam.ac.uk","data_of_birth":"2011-08-05T02:51:55Z","age":41,"country":"Philippines","phone":"3345683974"},
{"id":157,"first_name":"Hayward","last_name":"McTrustram","email":"hmctrustram4c@slashdot.org","data_of_birth":"2003-02-10T10:27:12Z","age":29,"country":"Indonesia","phone":"2718849012"},
{"id":158,"first_name":"Theressa","last_name":"Lanyon","email":"tlanyon4d@earthlink.net","data_of_birth":"2017-12-09T13:23:37Z","age":24,"country":"Canada","phone":"6948722742"},
{"id":159,"first_name":"Perry","last_name":"Samwell","email":"psamwell4e@nba.com","data_of_birth":"1972-03-27T12:00:22Z","age":37,"country":"Indonesia","phone":"5915778934"},
{"id":160,"first_name":"Carrissa","last_name":"Wurst","email":"cwurst4f@wiley.com","data_of_birth":"1972-01-27T08:13:04Z","age":34,"country":"Thailand","phone":"1504053514"},
{"id":161,"first_name":"Cyndia","last_name":"Belson","email":"cbelson4g@mozilla.com","data_of_birth":"1973-03-09T11:14:46Z","age":18,"country":"France","phone":"2435218749"},
{"id":162,"first_name":"Tomi","last_name":"Hendin","email":"thendin4h@amazonaws.com","data_of_birth":"1981-12-21T09:10:07Z","age":56,"country":"Russia","phone":"2609623588"},
{"id":163,"first_name":"Rosalynd","last_name":"Richardon","email":"rrichardon4i@yellowbook.com","data_of_birth":"1999-03-10T08:25:48Z","age":22,"country":"Philippines","phone":"5357079186"},
{"id":164,"first_name":"Gael","last_name":"Turnell","email":"gturnell4j@tiny.cc","data_of_birth":"1977-02-25T02:55:14Z","age":52,"country":"Afghanistan","phone":"5689666630"},
{"id":165,"first_name":"Charlton","last_name":"Canlin","email":"ccanlin4k@columbia.edu","data_of_birth":"1975-10-28T11:38:02Z","age":18,"country":"Canada","phone":"9638412084"},
{"id":166,"first_name":"Dotti","last_name":"Stoite","email":"dstoite4l@homestead.com","data_of_birth":"2003-10-11T21:00:14Z","age":23,"country":"Russia","phone":"9632004088"},
{"id":167,"first_name":"Flor","last_name":"Tole","email":"ftole4m@google.es","data_of_birth":"1973-05-07T14:11:58Z","age":55,"country":"China","phone":"5665843187"},
{"id":168,"first_name":"Terrye","last_name":"Braams","email":"tbraams4n@1688.com","data_of_birth":"2006-04-17T20:59:41Z","age":57,"country":"Japan","phone":"5059654089"},
{"id":169,"first_name":"Che","last_name":"Kern","email":"ckern4o@baidu.com","data_of_birth":"1986-05-19T19:27:48Z","age":39,"country":"Norway","phone":"2288351470"},
{"id":170,"first_name":"Adham","last_name":"Kimmings","email":"akimmings4p@geocities.jp","data_of_birth":"1979-07-06T23:18:34Z","age":37,"country":"Mexico","phone":"6667686007"},
{"id":171,"first_name":"Alvinia","last_name":"Alessandone","email":"aalessandone4q@123-reg.co.uk","data_of_birth":"1991-11-23T23:11:22Z","age":28,"country":"Indonesia","phone":"8754947042"},
{"id":172,"first_name":"Geri","last_name":"Bougen","email":"gbougen4r@usatoday.com","data_of_birth":"2003-06-16T09:02:48Z","age":41,"country":"New Zealand","phone":"4638040138"},
{"id":173,"first_name":"Aubrey","last_name":"Kovalski","email":"akovalski4s@xrea.com","data_of_birth":"1974-06-28T10:10:28Z","age":58,"country":"Indonesia","phone":"7398661410"},
{"id":174,"first_name":"Maible","last_name":"Spohrmann","email":"mspohrmann4t@loc.gov","data_of_birth":"2010-04-27T17:13:53Z","age":41,"country":"France","phone":"2028248327"},
{"id":175,"first_name":"Lorie","last_name":"Belford","email":"lbelford4u@macromedia.com","data_of_birth":"1979-10-26T02:13:31Z","age":55,"country":"France","phone":"3634191132"},
{"id":176,"first_name":"Georgette","last_name":"Cocks","email":"gcocks4v@hostgator.com","data_of_birth":"1970-09-15T08:41:05Z","age":51,"country":"Philippines","phone":"7584692471"},
{"id":177,"first_name":"Zitella","last_name":"Dodworth","email":"zdodworth4w@seesaa.net","data_of_birth":"2006-01-25T07:51:34Z","age":45,"country":"Indonesia","phone":"7185651545"},
{"id":178,"first_name":"Ddene","last_name":"Bour","email":"dbour4x@webeden.co.uk","data_of_birth":"2019-10-24T13:10:19Z","age":44,"country":"Mexico","phone":"6164337887"},
{"id":179,"first_name":"Alvis","last_name":"Genike","email":"agenike4y@ucoz.com","data_of_birth":"1990-09-04T04:32:27Z","age":52,"country":"Macedonia","phone":"8037767416"},
{"id":180,"first_name":"Lucias","last_name":"Allward","email":"lallward4z@hubpages.com","data_of_birth":"1983-06-23T23:43:09Z","age":19,"country":"Ireland","phone":"8845969427"},
{"id":181,"first_name":"Chaddie","last_name":"Lindback","email":"clindback50@merriam-webster.com","data_of_birth":"1971-12-08T21:40:31Z","age":51,"country":"Philippines","phone":"2803566077"},
{"id":182,"first_name":"Darnell","last_name":"Bloyes","email":"dbloyes51@youtube.com","data_of_birth":"2007-01-29T09:28:51Z","age":43,"country":"Portugal","phone":"5192949275"},
{"id":183,"first_name":"Wilmette","last_name":"Hodgen","email":"whodgen52@japanpost.jp","data_of_birth":"1983-08-11T18:47:38Z","age":21,"country":"China","phone":"6885277946"},
{"id":184,"first_name":"Garrett","last_name":"Drummond","email":"gdrummond53@techcrunch.com","data_of_birth":"1992-04-25T11:25:27Z","age":42,"country":"Poland","phone":"4514001571"},
{"id":185,"first_name":"Barr","last_name":"Senior","email":"bsenior54@vimeo.com","data_of_birth":"2017-02-01T06:41:09Z","age":43,"country":"China","phone":"9197171830"},
{"id":186,"first_name":"Heda","last_name":"Lydon","email":"hlydon55@usgs.gov","data_of_birth":"2019-06-12T02:29:58Z","age":45,"country":"France","phone":"6072536738"},
{"id":187,"first_name":"Danna","last_name":"Sizeland","email":"dsizeland56@hatena.ne.jp","data_of_birth":"2020-12-07T04:58:27Z","age":54,"country":"China","phone":"3401639612"},
{"id":188,"first_name":"Laura","last_name":"Aisthorpe","email":"laisthorpe57@dot.gov","data_of_birth":"2019-09-03T17:28:01Z","age":21,"country":"Philippines","phone":"3621328490"},
{"id":189,"first_name":"Willey","last_name":"Lancastle","email":"wlancastle58@scribd.com","data_of_birth":"2009-01-22T18:58:33Z","age":38,"country":"Germany","phone":"9134430929"},
{"id":190,"first_name":"Spenser","last_name":"Balharry","email":"sbalharry59@utexas.edu","data_of_birth":"1980-06-12T04:13:14Z","age":48,"country":"Poland","phone":"9555226951"},
{"id":191,"first_name":"Rowe","last_name":"Garber","email":"rgarber5a@gnu.org","data_of_birth":"2001-10-03T13:06:11Z","age":53,"country":"Austria","phone":"5795419464"},
{"id":192,"first_name":"Emmaline","last_name":"Mordacai","email":"emordacai5b@admin.ch","data_of_birth":"2015-11-09T03:39:37Z","age":50,"country":"Thailand","phone":"9335877513"},
{"id":193,"first_name":"Stormie","last_name":"Brewerton","email":"sbrewerton5c@cmu.edu","data_of_birth":"1988-03-25T20:50:07Z","age":25,"country":"China","phone":"9113564213"},
{"id":194,"first_name":"Clemmie","last_name":"Yve","email":"cyve5d@ucoz.com","data_of_birth":"1974-05-26T10:13:11Z","age":29,"country":"Vietnam","phone":"9303035434"},
{"id":195,"first_name":"Mona","last_name":"Arnli","email":"marnli5e@salon.com","data_of_birth":"2014-05-25T21:15:45Z","age":36,"country":"Palestinian Territory","phone":"3702785467"},
{"id":196,"first_name":"Care","last_name":"MacAfee","email":"cmacafee5f@imageshack.us","data_of_birth":"1999-11-25T17:43:28Z","age":18,"country":"Indonesia","phone":"2597297329"},
{"id":197,"first_name":"Leontyne","last_name":"Ottosen","email":"lottosen5g@usatoday.com","data_of_birth":"2019-11-04T23:41:50Z","age":52,"country":"Bosnia and Herzegovina","phone":"9817670697"},
{"id":198,"first_name":"Corine","last_name":"Hatherleigh","email":"chatherleigh5h@toplist.cz","data_of_birth":"2003-05-20T06:05:31Z","age":58,"country":"Norway","phone":"1282756350"},
{"id":199,"first_name":"Ives","last_name":"Chappelow","email":"ichappelow5i@studiopress.com","data_of_birth":"1992-11-05T20:39:00Z","age":26,"country":"Bulgaria","phone":"3951135498"},
{"id":200,"first_name":"Nesta","last_name":"Neeson","email":"nneeson5j@upenn.edu","data_of_birth":"2015-07-22T10:21:11Z","age":47,"country":"Indonesia","phone":"8746120339"}]