{
  "type": "div",
  "props": {
    "id": "a1",
    "children": [
      {
        "type": "div",
        "props": {
          "id": "b1",
          "children": [
            {
              "type": "div",
              "props": {
                "id": "c1"
              }
            },
            {
              "type": "div",
              "props": {
                "id": "c2"
              }
            }
          ]
        }
      },
      {
        "type": "div",
        "key": null,
        "ref": null,
        "props": {
          "id": "b2"
        }
      }
    ]
  }
}
