[{
    "number": "01",
    "name": "张三",
    "sex": "男",
    "age": 10,
    "date": "2020-12-04",
    "hobbies": ["足球", "篮球"],
    "subject": "大前端"
}, {
    "number": "02",
    "name": "李四",
    "sex": "男",
    "age": 20,
    "date": "2030-12-05",
    "hobbies": ["足球", "橄榄球"],
    "subject": "Java"
}, {
    "number": "03",
    "name": "王五",
    "sex": "男",
    "age": 30,
    "date": "2040-11-03",
    "hobbies": ["足球", "橄榄球", "篮球"],
    "subject": "python"
}]