{
  "name": "jcarousel",
  "repo": "jsor/jcarousel",
  "description": "Riding carousels with jQuery",
  "keywords": [
    "carousel",
    "slider",
    "slideshow",
    "animation"
  ],
  "license": "MIT",
  "version": "0.3.7",
  "dependencies": {
    "components/jquery": ">=1.7"
  },
  "development": {
    "grunt": "^1.0.2",
    "grunt-contrib-qunit": "^2.0.0",
    "grunt-contrib-concat": "^1.0.1",
    "grunt-contrib-uglify": "^3.3.0",
    "grunt-contrib-watch": "^1.0.0",
    "grunt-contrib-clean": "^1.1.0",
    "grunt-replace": "^1.0.1"
  },
  "scripts": [
    "jquery.jcarousel-autoscroll.js",
    "jquery.jcarousel-autoscroll.min.js",
    "jquery.jcarousel-control.js",
    "jquery.jcarousel-control.min.js",
    "jquery.jcarousel-core.js",
    "jquery.jcarousel-core.min.js",
    "jquery.jcarousel-pagination.js",
    "jquery.jcarousel-pagination.min.js",
    "jquery.jcarousel-scrollintoview.js",
    "jquery.jcarousel-scrollintoview.min.js",
    "jquery.jcarousel.js",
    "jquery.jcarousel.min.js"
  ],
  "main": "dist/jquery.jcarousel.js"
}
