[
  {
    "number": "01",
    "name": "zce",
    "age": "40",
    "sex": "男",
    "college": "大前端",
    "hobbies": [
      "篮球",
      "足球"
    ]
  },
  {
    "number": "02",
    "name": "zoe",
    "age": "30",
    "sex": "女",
    "college": "python",
    "hobbies": [
      "篮球",
      "网球"
    ]
  },
  {
    "number": "03",
    "name": "syy",
    "age": "18",
    "sex": "男",
    "college": "大前端",
    "hobbies": [
      "篮球"
    ]
  }
]